Classes;Accuracy;Precision;Recall;F1_score
Perfect;0.5882352941176471;0.2894736842105263;0.2894736842105263;0.2894736842105263
Good;0.8137254901960784;0.0;0.0;0
Mediocre;0.9032258064516129;0.2;0.16666666666666666;0.1818181818181818
Bad;0.46078431372549017;0.35384615384615387;0.6388888888888888;0.45544554455445546
